iata,name,city,state,country,latitude,longitudePalm Springs,Palm Springs,Palm Springs,Palm Springs,Palm Springs,33.7836473,-116.4602187Mission Viejo,Mission Viejo,Mission Viejo,Mission Viejo,Mission Viejo,33.6051,-117.644"Calgary, AB","Calgary, AB","Calgary, AB","Calgary, AB","Calgary, AB",50.8902,-113.9892United States,United States,United States,United States,United States,38,-97La Quinta,La Quinta,La Quinta,La Quinta,La Quinta,33.6579,-116.27Desert Hot Springs,Desert Hot Springs,Desert Hot Springs,Desert Hot Springs,Desert Hot Springs,33.9611,-116.5017"Coquitlam, BC","Coquitlam, BC","Coquitlam, BC","Coquitlam, BC","Coquitlam, BC",49.2667,-122.7833"Surrey, BC","Surrey, BC","Surrey, BC","Surrey, BC","Surrey, BC",49.1173,-122.8234Whittier,Whittier,Whittier,Whittier,Whittier,33.9816,-118.0661"Pitt Meadows, BC","Pitt Meadows, BC","Pitt Meadows, BC","Pitt Meadows, BC","Pitt Meadows, BC",49.2273,-122.6883Danville,Danville,Danville,Danville,Danville,37.8216,-122San Diego,San Diego,San Diego,San Diego,San Diego,32.8072,-117.1649Livermore,Livermore,Livermore,Livermore,Livermore,37.6819,-121.768Portland,Portland,Portland,Portland,Portland,45.5234,-122.6762Australia,Australia,Australia,Australia,Australia,-37.8833,145.1667Newport Beach,Newport Beach,Newport Beach,Newport Beach,Newport Beach,33.6189,-117.929Humble,Humble,Humble,Humble,Humble,29.9459,-95.2752Fountain Valley,Fountain Valley,Fountain Valley,Fountain Valley,Fountain Valley,33.71,-117.9478Twentynine Palms,Twentynine Palms,Twentynine Palms,Twentynine Palms,Twentynine Palms,34.2438,-115.8598La Jolla,La Jolla,La Jolla,La Jolla,La Jolla,32.8667,-117.2481Cathedral City,Cathedral City,Cathedral City,Cathedral City,Cathedral City,33.8205,-116.4586Palm Desert,Palm Desert,Palm Desert,Palm Desert,Palm Desert,33.7056,-116.4083Los Angeles,Los Angeles,Los Angeles,Los Angeles,Los Angeles,34.0522,-118.2437Santa Barbara,Santa Barbara,Santa Barbara,Santa Barbara,Santa Barbara,34.0184,-119.7252Sacramento,Sacramento,Sacramento,Sacramento,Sacramento,38.5816,-121.4944Bellflower,Bellflower,Bellflower,Bellflower,Bellflower,33.888,-118.1304Dixon,Dixon,Dixon,Dixon,Dixon,38.39,-121.818Chandler,Chandler,Chandler,Chandler,Chandler,33.3201,-111.8739"New Westminster, BC","New Westminster, BC","New Westminster, BC","New Westminster, BC","New Westminster, BC",49.2007,-122.9074Loomis,Loomis,Loomis,Loomis,Loomis,38.8139,-121.1662Pasadena,Pasadena,Pasadena,Pasadena,Pasadena,34.1613,-118.0895CA,CA,CA,CA,CA,34.0522,-118.2437Rancho Palos Verdes,Rancho Palos Verdes,Rancho Palos Verdes,Rancho Palos Verdes,Rancho Palos Verdes,33.7584,-118.3163Santa Monica,Santa Monica,Santa Monica,Santa Monica,Santa Monica,34.0311,-118.49Santa Ana,Santa Ana,Santa Ana,Santa Ana,Santa Ana,33.7633,-117.7942Fullerton,Fullerton,Fullerton,Fullerton,Fullerton,33.8703,-117.9253Gig Harbor,Gig Harbor,Gig Harbor,Gig Harbor,Gig Harbor,47.3293,-122.5801NY,NY,NY,NY,NY,40.7111,-73.9469"Saskatoon, SK","Saskatoon, SK","Saskatoon, SK","Saskatoon, SK","Saskatoon, SK",52.1068,-106.6552Darien,Darien,Darien,Darien,Darien,41.0753,-73.481Encinitas,Encinitas,Encinitas,Encinitas,Encinitas,33.0501,-117.2528"Salmon Arm, BC","Salmon Arm, BC","Salmon Arm, BC","Salmon Arm, BC","Salmon Arm, BC",50.6947,-119.2915"Westbank, BC","Westbank, BC","Westbank, BC","Westbank, BC","Westbank, BC",49.838,-119.6667Huntsville,Huntsville,Huntsville,Huntsville,Huntsville,34.7304,-86.5861Coachella,Coachella,Coachella,Coachella,Coachella,33.7021,-116.1712Troutdale,Troutdale,Troutdale,Troutdale,Troutdale,45.5288,-122.359Romania,Romania,Romania,Romania,Romania,44.4333,26.1Universal City,Universal City,Universal City,Universal City,Universal City,34.1374,-118.3528Highland Park,Highland Park,Highland Park,Highland Park,Highland Park,42.189,-87.8063Murrieta,Murrieta,Murrieta,Murrieta,Murrieta,33.5789,-117.1412"Oakville, ON","Oakville, ON","Oakville, ON","Oakville, ON","Oakville, ON",43.4543,-79.6921"Richmond, BC","Richmond, BC","Richmond, BC","Richmond, BC","Richmond, BC",49.1467,-123.1463Fall City,Fall City,Fall City,Fall City,Fall City,47.5877,-121.8805East Orange,East Orange,East Orange,East Orange,East Orange,40.7673,-74.2049"Vancouver, BC","Vancouver, BC","Vancouver, BC","Vancouver, BC","Vancouver, BC",49.2768,-123.1469Long Beach,Long Beach,Long Beach,Long Beach,Long Beach,33.767,-118.1892"Nanaimo, BC","Nanaimo, BC","Nanaimo, BC","Nanaimo, BC","Nanaimo, BC",49.174,-123.9422Des Moines,Des Moines,Des Moines,Des Moines,Des Moines,41.6062,-93.6307"Delta, BC","Delta, BC","Delta, BC","Delta, BC","Delta, BC",49.0798,-123.0882Bucksport,Bucksport,Bucksport,Bucksport,Bucksport,44.6444,-68.7402"Regina, SK","Regina, SK","Regina, SK","Regina, SK","Regina, SK",50.45,-104.6167Laguna Beach,Laguna Beach,Laguna Beach,Laguna Beach,Laguna Beach,33.5558,-117.7858Monomoy Island,Monomoy Island,Monomoy Island,Monomoy Island,Monomoy Island,41.5998,-70.5631Oregon City,Oregon City,Oregon City,Oregon City,Oregon City,45.3218,-122.5231"Kamloops, BC","Kamloops, BC","Kamloops, BC","Kamloops, BC","Kamloops, BC",50.6598,-120.3837Bellevue,Bellevue,Bellevue,Bellevue,Bellevue,47.6201,-122.1408Chicago,Chicago,Chicago,Chicago,Chicago,41.9038,-87.6757"Scarborough, ON","Scarborough, ON","Scarborough, ON","Scarborough, ON","Scarborough, ON",43.75,-79.2Seattle,Seattle,Seattle,Seattle,Seattle,47.6103,-122.3341Gardena,Gardena,Gardena,Gardena,Gardena,33.8937,-118.2993Logan,Logan,Logan,Logan,Logan,41.6412,-111.8966Las Vegas,Las Vegas,Las Vegas,Las Vegas,Las Vegas,36.175,-115.1372Torrance,Torrance,Torrance,Torrance,Torrance,33.8359,-118.3406New York,New York,New York,New York,New York,40.7317,-73.9885Diamond Bar,Diamond Bar,Diamond Bar,Diamond Bar,Diamond Bar,33.9958,-117.8189Anaheim,Anaheim,Anaheim,Anaheim,Anaheim,33.8312,-117.8673Pottstown,Pottstown,Pottstown,Pottstown,Pottstown,40.2605,-75.6155Brooklyn,Brooklyn,Brooklyn,Brooklyn,Brooklyn,40.728,-73.9453Riverside,Riverside,Riverside,Riverside,Riverside,33.9534,-117.3962Hillsboro,Hillsboro,Hillsboro,Hillsboro,Hillsboro,45.4443,-122.9663Mexico,Mexico,Mexico,Mexico,Mexico,29.901281,-110.826132Colombia,Colombia,Colombia,Colombia,Colombia,4.6492,-74.0628Tustin,Tustin,Tustin,Tustin,Tustin,33.7401,-117.8196Peoria,Peoria,Peoria,Peoria,Peoria,33.5806,-112.2374North Hollywood,North Hollywood,North Hollywood,North Hollywood,North Hollywood,34.1722,-118.379Longview,Longview,Longview,Longview,Longview,46.1933,-123.0548San Pedro,San Pedro,San Pedro,San Pedro,San Pedro,33.7388,-118.2956Rogue River,Rogue River,Rogue River,Rogue River,Rogue River,42.5413,-123.1046San Mateo,San Mateo,San Mateo,San Mateo,San Mateo,37.5402,-122.3041Dana Point,Dana Point,Dana Point,Dana Point,Dana Point,33.4782,-117.7064"North Vancouver, BC","North Vancouver, BC","North Vancouver, BC","North Vancouver, BC","North Vancouver, BC",49.3111,-123.0798IL,IL,IL,IL,IL,41.85,-87.65Shelton,Shelton,Shelton,Shelton,Shelton,47.2389,-123.2061Spokane,Spokane,Spokane,Spokane,Spokane,47.6597,-117.4291"Cochrane, AB","Cochrane, AB","Cochrane, AB","Cochrane, AB","Cochrane, AB",51.1896,-114.4774Sun City,Sun City,Sun City,Sun City,Sun City,33.7415,-117.1889Menlo Park,Menlo Park,Menlo Park,Menlo Park,Menlo Park,37.4538,-122.1822"Winnipeg, MB","Winnipeg, MB","Winnipeg, MB","Winnipeg, MB","Winnipeg, MB",49.9378,-97.1183"Victoria, BC","Victoria, BC","Victoria, BC","Victoria, BC","Victoria, BC",48.4449,-123.3745Sonora,Sonora,Sonora,Sonora,Sonora,37.9843,-120.39Rollingbay,Rollingbay,Rollingbay,Rollingbay,Rollingbay,47.6645,-122.5101Spring Valley,Spring Valley,Spring Valley,Spring Valley,Spring Valley,41.1163,-74.046Scottsdale,Scottsdale,Scottsdale,Scottsdale,Scottsdale,33.4912,-111.9237Temecula,Temecula,Temecula,Temecula,Temecula,33.53,-117.1035"Toronto, ON","Toronto, ON","Toronto, ON","Toronto, ON","Toronto, ON",43.6525,-79.3686"Langley, BC","Langley, BC","Langley, BC","Langley, BC","Langley, BC",49.164,-122.656Alaska Peninsula Nwr,Alaska Peninsula Nwr,Alaska Peninsula Nwr,Alaska Peninsula Nwr,Alaska Peninsula Nwr,57.1588,-154.08Sheboygan Falls,Sheboygan Falls,Sheboygan Falls,Sheboygan Falls,Sheboygan Falls,43.7432,-87.8511San Francisco,San Francisco,San Francisco,San Francisco,San Francisco,37.7441,-122.4839Salt Lake City,Salt Lake City,Salt Lake City,Salt Lake City,Salt Lake City,40.7608,-111.8911"Airdrie, AB","Airdrie, AB","Airdrie, AB","Airdrie, AB","Airdrie, AB",51.2816,-114.0153"Kelowna, BC","Kelowna, BC","Kelowna, BC","Kelowna, BC","Kelowna, BC",49.842,-119.4903Sherman Oaks,Sherman Oaks,Sherman Oaks,Sherman Oaks,Sherman Oaks,34.1463,-118.4293Hood River,Hood River,Hood River,Hood River,Hood River,45.6119,-121.5866Aurora,Aurora,Aurora,Aurora,Aurora,39.7294,-104.8319Saint Paul,Saint Paul,Saint Paul,Saint Paul,Saint Paul,44.8925,-93.111West Covina,West Covina,West Covina,West Covina,West Covina,34.0699,-117.9421Beaverton,Beaverton,Beaverton,Beaverton,Beaverton,45.5222,-122.8593Excelsior,Excelsior,Excelsior,Excelsior,Excelsior,44.8989,-93.6257Fort Mill,Fort Mill,Fort Mill,Fort Mill,Fort Mill,35.0074,-80.9451Issaquah,Issaquah,Issaquah,Issaquah,Issaquah,47.5595,-122.0092Corona,Corona,Corona,Corona,Corona,33.8753,-117.5664Van Nuys,Van Nuys,Van Nuys,Van Nuys,Van Nuys,34.2023,-118.4468Bend,Bend,Bend,Bend,Bend,44.0744,-121.2574Coppell,Coppell,Coppell,Coppell,Coppell,32.9588,-96.9812Lake Oswego,Lake Oswego,Lake Oswego,Lake Oswego,Lake Oswego,45.4093,-122.6799"Edmonton, AB","Edmonton, AB","Edmonton, AB","Edmonton, AB","Edmonton, AB",53.4782,-113.5873Birmingham,Birmingham,Birmingham,Birmingham,Birmingham,33.4201,-86.7867Springfield,Springfield,Springfield,Springfield,Springfield,37.219,-93.3176United Kingdom,United Kingdom,United Kingdom,United Kingdom,United Kingdom,51.4078,-0.2647"Ottawa, ON","Ottawa, ON","Ottawa, ON","Ottawa, ON","Ottawa, ON",45.3594,-75.7523West Hollywood,West Hollywood,West Hollywood,West Hollywood,West Hollywood,34.0943,-118.3811Mountain View,Mountain View,Mountain View,Mountain View,Mountain View,37.4192,-122.0574Placentia,Placentia,Placentia,Placentia,Placentia,33.8818,-117.8503Encino,Encino,Encino,Encino,Encino,34.1568,-118.5231Rancho Cucamonga,Rancho Cucamonga,Rancho Cucamonga,Rancho Cucamonga,Rancho Cucamonga,34.1487,-117.5118Huntington Beach,Huntington Beach,Huntington Beach,Huntington Beach,Huntington Beach,33.711,-118.0438Pico Rivera,Pico Rivera,Pico Rivera,Pico Rivera,Pico Rivera,33.9831,-118.0967Washington,Washington,Washington,Washington,Washington,38.9651,-77.0654Hastings,Hastings,Hastings,Hastings,Hastings,44.6849,-92.8849Lakewood,Lakewood,Lakewood,Lakewood,Lakewood,33.8505,-118.1099Santa Rosa,Santa Rosa,Santa Rosa,Santa Rosa,Santa Rosa,38.438,-122.6753San Carlos,San Carlos,San Carlos,San Carlos,San Carlos,37.498,-122.2672"Yorkton, SK","Yorkton, SK","Yorkton, SK","Yorkton, SK","Yorkton, SK",51.202,-102.457Canada,Canada,Canada,Canada,Canada,60,-95Beverly Hills,Beverly Hills,Beverly Hills,Beverly Hills,Beverly Hills,34.0995,-118.4143Wichita,Wichita,Wichita,Wichita,Wichita,37.6922,-97.3375Aliso Viejo,Aliso Viejo,Aliso Viejo,Aliso Viejo,Aliso Viejo,33.5717,-117.7289"Saanichton, BC","Saanichton, BC","Saanichton, BC","Saanichton, BC","Saanichton, BC",48.566,-123.4579"Canmore, AB","Canmore, AB","Canmore, AB","Canmore, AB","Canmore, AB",51.0868,-115.3384Henderson,Henderson,Henderson,Henderson,Henderson,37.8249,-87.5334Granger,Granger,Granger,Granger,Granger,41.735,-86.1229Hacienda Heights,Hacienda Heights,Hacienda Heights,Hacienda Heights,Hacienda Heights,34.0024,-117.9757Norwalk,Norwalk,Norwalk,Norwalk,Norwalk,33.9022,-118.0817Berkeley,Berkeley,Berkeley,Berkeley,Berkeley,37.8672,-122.2568"Shawnigan Lake, BC","Shawnigan Lake, BC","Shawnigan Lake, BC","Shawnigan Lake, BC","Shawnigan Lake, BC",48.6504,-123.6145Escondido,Escondido,Escondido,Escondido,Escondido,33.223,-117.1069Redondo Beach,Redondo Beach,Redondo Beach,Redondo Beach,Redondo Beach,33.831,-118.3875Camano Island,Camano Island,Camano Island,Camano Island,Camano Island,48.1625,-122.4954Turtle Lake,Turtle Lake,Turtle Lake,Turtle Lake,Turtle Lake,45.4135,-92.1792Essex Junction,Essex Junction,Essex Junction,Essex Junction,Essex Junction,44.5327,-73.058New Zealand,New Zealand,New Zealand,New Zealand,New Zealand,-41,174"Cache Creek, BC","Cache Creek, BC","Cache Creek, BC","Cache Creek, BC","Cache Creek, BC",50.8,-121.3167Santa Cruz,Santa Cruz,Santa Cruz,Santa Cruz,Santa Cruz,36.9713,-121.9875Las Cruces,Las Cruces,Las Cruces,Las Cruces,Las Cruces,32.3047,-106.6417Irvine,Irvine,Irvine,Irvine,Irvine,33.7011,-117.797West Linn,West Linn,West Linn,West Linn,West Linn,45.3422,-122.6639El Segundo,El Segundo,El Segundo,El Segundo,El Segundo,33.9164,-118.4041"Port Moody, BC","Port Moody, BC","Port Moody, BC","Port Moody, BC","Port Moody, BC",49.2707,-122.883Boise,Boise,Boise,Boise,Boise,43.5952,-116.1954Bronx,Bronx,Bronx,Bronx,Bronx,40.8499,-73.8769Grand Prairie,Grand Prairie,Grand Prairie,Grand Prairie,Grand Prairie,32.746,-96.9978Clarksville,Clarksville,Clarksville,Clarksville,Clarksville,36.5597,-87.4097"Gem, AB","Gem, AB","Gem, AB","Gem, AB","Gem, AB",50.95,-112.1833Billings,Billings,Billings,Billings,Billings,45.7833,-108.5007"Kanata, ON","Kanata, ON","Kanata, ON","Kanata, ON","Kanata, ON",45.3333,-75.9Solana Beach,Solana Beach,Solana Beach,Solana Beach,Solana Beach,32.9959,-117.2571Buena Park,Buena Park,Buena Park,Buena Park,Buena Park,33.8675,-117.9981San Clemente,San Clemente,San Clemente,San Clemente,San Clemente,33.4228,-117.6201AZ,AZ,AZ,AZ,AZ,33.4484,-112.074Klamath Falls,Klamath Falls,Klamath Falls,Klamath Falls,Klamath Falls,42.444,-122.1741Silverton,Silverton,Silverton,Silverton,Silverton,44.9544,-122.7138La Mesa,La Mesa,La Mesa,La Mesa,La Mesa,32.7838,-117.0179Petaluma,Petaluma,Petaluma,Petaluma,Petaluma,38.2318,-122.5618Kalispell,Kalispell,Kalispell,Kalispell,Kalispell,48.1987,-114.3857CO,CO,CO,CO,CO,39.7392,-104.9847Oakland,Oakland,Oakland,Oakland,Oakland,37.7898,-122.2457Chino Hills,Chino Hills,Chino Hills,Chino Hills,Chino Hills,33.9473,-117.7289Hollister,Hollister,Hollister,Hollister,Hollister,36.6212,-93.2155Horseheads,Horseheads,Horseheads,Horseheads,Horseheads,42.2125,-76.7868Akron,Akron,Akron,Akron,Akron,41.1466,-81.5645Redlands,Redlands,Redlands,Redlands,Redlands,34.0614,-117.1734San Jose,San Jose,San Jose,San Jose,San Jose,37.3239,-121.9144Manhattan Beach,Manhattan Beach,Manhattan Beach,Manhattan Beach,Manhattan Beach,33.8893,-118.401Chino,Chino,Chino,Chino,Chino,33.9869,-117.6555Philadelphia,Philadelphia,Philadelphia,Philadelphia,Philadelphia,40.0491,-75.2281Stanford,Stanford,Stanford,Stanford,Stanford,37.4178,-122.172Nampa,Nampa,Nampa,Nampa,Nampa,43.6008,-116.6103Yelm,Yelm,Yelm,Yelm,Yelm,46.8719,-122.5737Madison,Madison,Madison,Madison,Madison,43.0639,-89.3145Atlanta,Atlanta,Atlanta,Atlanta,Atlanta,33.749,-84.388Vancouver,Vancouver,Vancouver,Vancouver,Vancouver,45.6387,-122.6615New Berlin,New Berlin,New Berlin,New Berlin,New Berlin,42.9734,-88.1031"Midland, ON","Midland, ON","Midland, ON","Midland, ON","Midland, ON",44.7542,-79.9005Salem,Salem,Salem,Salem,Salem,44.9023,-123.0662Corvallis,Corvallis,Corvallis,Corvallis,Corvallis,44.5646,-123.262OR,OR,OR,OR,OR,45.5234,-122.6762"White Rock, BC","White Rock, BC","White Rock, BC","White Rock, BC","White Rock, BC",49.0268,-122.8369Hawthorne,Hawthorne,Hawthorne,Hawthorne,Hawthorne,33.9129,-118.3439"Castlegar, BC","Castlegar, BC","Castlegar, BC","Castlegar, BC","Castlegar, BC",49.3167,-117.6667Redmond,Redmond,Redmond,Redmond,Redmond,47.6801,-122.1206"Chilliwack, BC","Chilliwack, BC","Chilliwack, BC","Chilliwack, BC","Chilliwack, BC",49.1409,-121.962San Gabriel,San Gabriel,San Gabriel,San Gabriel,San Gabriel,34.0891,-118.0924Palmdale,Palmdale,Palmdale,Palmdale,Palmdale,34.52,-118.0835South Lake Tahoe,South Lake Tahoe,South Lake Tahoe,South Lake Tahoe,South Lake Tahoe,38.8479,-120.0139Bothell,Bothell,Bothell,Bothell,Bothell,47.7477,-122.2044Lewiston,Lewiston,Lewiston,Lewiston,Lewiston,46.1683,-116.9204Indio,Indio,Indio,Indio,Indio,33.7206,-116.2156Carlsbad,Carlsbad,Carlsbad,Carlsbad,Carlsbad,33.1357,-117.3019Fort Collins,Fort Collins,Fort Collins,Fort Collins,Fort Collins,40.6736,-104.9434Malibu,Malibu,Malibu,Malibu,Malibu,34.0697,-118.8177"Sechelt, BC","Sechelt, BC","Sechelt, BC","Sechelt, BC","Sechelt, BC",49.4667,-123.7667Vashon,Vashon,Vashon,Vashon,Vashon,47.4206,-122.4509Theodore,Theodore,Theodore,Theodore,Theodore,30.5035,-88.1432Compton,Compton,Compton,Compton,Compton,33.8959,-118.2201"Colonsay, SK","Colonsay, SK","Colonsay, SK","Colonsay, SK","Colonsay, SK",51.9667,-105.8667Sylmar,Sylmar,Sylmar,Sylmar,Sylmar,34.3078,-118.4493Orlando,Orlando,Orlando,Orlando,Orlando,28.4517,-81.4653Denver,Denver,Denver,Denver,Denver,39.6762,-104.887Algonquin,Algonquin,Algonquin,Algonquin,Algonquin,42.1617,-88.3285Perris,Perris,Perris,Perris,Perris,33.7825,-117.2287Sebastopol,Sebastopol,Sebastopol,Sebastopol,Sebastopol,38.4032,-122.8633San Marcos,San Marcos,San Marcos,San Marcos,San Marcos,33.1434,-117.1661"Parksville, BC","Parksville, BC","Parksville, BC","Parksville, BC","Parksville, BC",49.3233,-124.3227Streamwood,Streamwood,Streamwood,Streamwood,Streamwood,42.0209,-88.1782"Comox, BC","Comox, BC","Comox, BC","Comox, BC","Comox, BC",49.6728,-124.947"Happy Valley, NL","Happy Valley, NL","Happy Valley, NL","Happy Valley, NL","Happy Valley, NL",53.3,-60.3Lombard,Lombard,Lombard,Lombard,Lombard,41.878,-88.0163Martinsville,Martinsville,Martinsville,Martinsville,Martinsville,36.7266,-79.8667Sioux City,Sioux City,Sioux City,Sioux City,Sioux City,42.5237,-96.4363Metairie,Metairie,Metairie,Metairie,Metairie,29.9841,-90.1529Fallbrook,Fallbrook,Fallbrook,Fallbrook,Fallbrook,33.3989,-117.2957South Yarmouth,South Yarmouth,South Yarmouth,South Yarmouth,South Yarmouth,41.6713,-70.1916Cleveland,Cleveland,Cleveland,Cleveland,Cleveland,41.4737,-81.5798Moreno Valley,Moreno Valley,Moreno Valley,Moreno Valley,Moreno Valley,33.9224,-117.2476Burbank,Burbank,Burbank,Burbank,Burbank,34.1767,-118.3105Evanston,Evanston,Evanston,Evanston,Evanston,42.0562,-87.7011Yorba Linda,Yorba Linda,Yorba Linda,Yorba Linda,Yorba Linda,33.8924,-117.7879Overland Park,Overland Park,Overland Park,Overland Park,Overland Park,38.8998,-94.7052Marietta,Marietta,Marietta,Marietta,Marietta,33.9526,-84.5499Buffalo Grove,Buffalo Grove,Buffalo Grove,Buffalo Grove,Buffalo Grove,42.1695,-87.9588Playa Del Rey,Playa Del Rey,Playa Del Rey,Playa Del Rey,Playa Del Rey,33.9454,-118.4398Rancho Santa Margarita,Rancho Santa Margarita,Rancho Santa Margarita,Rancho Santa Margarita,Rancho Santa Margarita,33.6199,-117.6119Canton,Canton,Canton,Canton,Canton,40.8376,-81.3935Pleasanton,Pleasanton,Pleasanton,Pleasanton,Pleasanton,37.6543,-121.8552Lawndale,Lawndale,Lawndale,Lawndale,Lawndale,33.8872,-118.3548Newport,Newport,Newport,Newport,Newport,39.0915,-84.4958Davis,Davis,Davis,Davis,Davis,38.4829,-121.6398New Haven,New Haven,New Haven,New Haven,New Haven,41.3077,-72.9268Glendale,Glendale,Glendale,Glendale,Glendale,34.1718,-118.2915"Maple Ridge, BC","Maple Ridge, BC","Maple Ridge, BC","Maple Ridge, BC","Maple Ridge, BC",49.2007,-122.6641"Gibsons, BC","Gibsons, BC","Gibsons, BC","Gibsons, BC","Gibsons, BC",49.4,-123.5Minneapolis,Minneapolis,Minneapolis,Minneapolis,Minneapolis,44.8267,-93.3132Morris Plains,Morris Plains,Morris Plains,Morris Plains,Morris Plains,40.8447,-74.4781Costa Mesa,Costa Mesa,Costa Mesa,Costa Mesa,Costa Mesa,33.6486,-117.9186"Nelson, BC","Nelson, BC","Nelson, BC","Nelson, BC","Nelson, BC",49.4832,-117.3031Elizabethtown,Elizabethtown,Elizabethtown,Elizabethtown,Elizabethtown,40.168,-76.6093San Dimas,San Dimas,San Dimas,San Dimas,San Dimas,34.1066,-117.815Omaha,Omaha,Omaha,Omaha,Omaha,41.2987,-96.0467Hayward,Hayward,Hayward,Hayward,Hayward,37.6688,-122.0808Agoura Hills,Agoura Hills,Agoura Hills,Agoura Hills,Agoura Hills,34.1267,-118.7648"London, ON","London, ON","London, ON","London, ON","London, ON",42.9627,-81.2948Brea,Brea,Brea,Brea,Brea,33.9269,-117.8612Brentwood,Brentwood,Brentwood,Brentwood,Brentwood,37.8754,-121.6868